"ANO";"NIVEL";"MUNICIPIO";"QR_CA";"QRU";"QRR"
2025;"UF";"Rio de Janeiro";0.74;0.68;0.54
2025;"MUNICIPIO";"Rio de Janeiro (RJ)";0.72;NA;NA
2025;"MUNICIPIO";"Niterói (RJ)";0.78;NA;NA
2025;"MUNICIPIO";"Nova Iguaçu (RJ)";0.64;NA;NA
2025;"MUNICIPIO";"Petrópolis (RJ)";0.81;NA;NA
2025;"MUNICIPIO";"Vassouras (RJ)";0.85;NA;NA
2025;"MUNICIPIO";"Campos dos Goytacazes (RJ)";0.61;NA;NA
2025;"MUNICIPIO";"Cabo Frio (RJ)";0.76;NA;NA
2025;"MUNICIPIO";"Angra dos Reis (RJ)";0.58;NA;NA
2025;"MUNICIPIO";"Maricá (RJ)";0.73;NA;NA
2025;"MUNICIPIO";"Duque de Caxias (RJ)";0.69;NA;NA
2025;"MUNICIPIO";"São Gonçalo (RJ)";0.71;NA;NA
2025;"MUNICIPIO";"Valença (RJ)";0.73;NA;NA
